{"cameraMode":{"drawMode":0,"name":"Shaded","section":"Shading Mode"},"sceneLighting":true,"audioPlay":false,"sceneViewState":{"m_AlwaysRefresh":false,"showFog":true,"showSkybox":true,"showFlares":true,"showImageEffects":true,"showParticleSystems":true,"showVisualEffectGraphs":true,"m_FxEnabled":true},"in2DMode":false,"pivot":{"x":57.882965087890628,"y":21.417278289794923,"z":9.868046760559082},"rotation":{"x":0.04726695269346237,"y":0.5910446643829346,"z":0.034736111760139468,"w":-0.8045337796211243},"size":4.548788070678711,"orthographic":false}